city,cityId,city2,city2Id,routeId
Adak,1,Anchorage,3,13
Adak,1,Seattle,108,1108
Albuquerque,2,Anchorage,3,23
Albuquerque,2,Portland,89,289
Albuquerque,2,San Francisco,102,2102
Albuquerque,2,Santa Ana,105,2105
Albuquerque,2,Seattle,108,2108
Anchorage,3,Adak,1,31
Anchorage,3,Albuquerque,2,32
Anchorage,3,Atlanta,4,34
Anchorage,3,Austin,5,35
Anchorage,3,Baltimore,6,36
Anchorage,3,Barrow,7,37
Anchorage,3,Bethel,10,310
Anchorage,3,Boise,12,312
Anchorage,3,Boston,13,313
Anchorage,3,Bozeman,14,314
Anchorage,3,Chicago,19,319
Anchorage,3,Columbus,22,322
Anchorage,3,Cordova,23,323
Anchorage,3,Dallas,24,324
Anchorage,3,Denver,25,325
Anchorage,3,Detroit,26,326
Anchorage,3,Dillingham,27,327
Anchorage,3,Dutch Harbor,28,328
Anchorage,3,Everett,32,332
Anchorage,3,Fairbanks,33,333
Anchorage,3,Fort Lauderdale,34,334
Anchorage,3,Honolulu,42,342
Anchorage,3,Houston,43,343
Anchorage,3,Indianapolis,45,345
Anchorage,3,Juneau,48,348
Anchorage,3,Kansas City,50,350
Anchorage,3,Ketchikan,52,352
Anchorage,3,King Salmon,53,353
Anchorage,3,Kodiak,54,354
Anchorage,3,Kona,55,355
Anchorage,3,Kotzebue,56,356
Anchorage,3,Las Vegas,58,358
Anchorage,3,Los Angeles,62,362
Anchorage,3,Maui,63,363
Anchorage,3,Minneapolis,68,368
Anchorage,3,Nashville,72,372
Anchorage,3,New Orleans,74,374
Anchorage,3,New York,75,375
Anchorage,3,Newark,76,376
Anchorage,3,Nome,77,377
Anchorage,3,Oakland,78,378
Anchorage,3,Oklahoma City,79,379
Anchorage,3,Omaha,80,380
Anchorage,3,Ontario,81,381
Anchorage,3,Orlando,82,382
Anchorage,3,Palm Springs,83,383
Anchorage,3,Philadelphia,86,386
Anchorage,3,Phoenix,87,387
Anchorage,3,Pittsburgh,88,388
Anchorage,3,Portland,89,389
Anchorage,3,Prudhoe Bay,90,390
Anchorage,3,Redding,94,394
Anchorage,3,Reno,96,396
Anchorage,3,Sacramento,97,397
Anchorage,3,Saint Louis,98,398
Anchorage,3,Salt Lake City,99,399
Anchorage,3,San Antonio,100,3100
Anchorage,3,San Diego,101,3101
Anchorage,3,San Francisco,102,3102
Anchorage,3,San Jose,103,3103
Anchorage,3,San Luis Obispo,104,3104
Anchorage,3,Santa Ana,105,3105
Anchorage,3,Santa Rosa,107,3107
Anchorage,3,Seattle,108,3108
Anchorage,3,Sitka,109,3109
Anchorage,3,Spokane,110,3110
Anchorage,3,Tampa,113,3113
Anchorage,3,Washington D.C.,121,3121
Atlanta,4,Anchorage,3,43
Atlanta,4,Bellingham,9,49
Atlanta,4,Charleston,18,418
Atlanta,4,Fairbanks,33,433
Atlanta,4,Fresno,36,436
Atlanta,4,Kona,55,455
Atlanta,4,Los Angeles,62,462
Atlanta,4,Maui,63,463
Atlanta,4,Portland,89,489
Atlanta,4,San Diego,101,4101
Atlanta,4,Seattle,108,4108
Atlanta,4,Vancouver,118,4118
Austin,5,Anchorage,3,53
Austin,5,Boise,12,512
Austin,5,Los Angeles,62,562
Austin,5,Palm Springs,83,583
Austin,5,Portland,89,589
Austin,5,Redding,94,594
Austin,5,San Diego,101,5101
Austin,5,San Francisco,102,5102
Austin,5,San Jose,103,5103
Austin,5,Seattle,108,5108
Baltimore,6,Anchorage,3,63
Baltimore,6,Eugene,31,631
Baltimore,6,Honolulu,42,642
Baltimore,6,Los Angeles,62,662
Baltimore,6,Pasco,84,684
Baltimore,6,Pittsburgh,88,688
Baltimore,6,Portland,89,689
Baltimore,6,San Francisco,102,6102
Baltimore,6,Seattle,108,6108
Barrow,7,Anchorage,3,73
Barrow,7,Bozeman,14,714
Barrow,7,Fairbanks,33,733
Barrow,7,Ontario,81,781
Barrow,7,Prudhoe Bay,90,790
Barrow,7,Redding,94,794
Barrow,7,Reno,96,796
Barrow,7,Sacramento,97,797
Barrow,7,Santa Rosa,107,7107
Belize City,8,Los Angeles,62,862
Belize City,8,Seattle,108,8108
Bellingham,9,Anchorage,3,93
Bellingham,9,Austin,5,95
Bellingham,9,Bozeman,14,914
Bellingham,9,Columbus,22,922
Bellingham,9,Denver,25,925
Bellingham,9,Detroit,26,926
Bellingham,9,Honolulu,42,942
Bellingham,9,Kona,55,955
Bellingham,9,Las Vegas,58,958
Bellingham,9,Lihue,60,960
Bellingham,9,Maui,63,963
Bellingham,9,Oakland,78,978
Bellingham,9,Pasco,84,984
Bellingham,9,Pittsburgh,88,988
Bellingham,9,Portland,89,989
Bellingham,9,Reno,96,996
Bellingham,9,Sacramento,97,997
Bellingham,9,Saint Louis,98,998
Bellingham,9,San Diego,101,9101
Bellingham,9,San Jose,103,9103
Bellingham,9,Santa Ana,105,9105
Bellingham,9,Seattle,108,9108
Bethel,10,Anchorage,3,103
Bethel,10,Bozeman,14,1014
Bethel,10,Ontario,81,1081
Bethel,10,Redding,94,1094
Bethel,10,Reno,96,1096
Bethel,10,Sacramento,97,1097
Bethel,10,Santa Rosa,107,10107
Bethel,10,Seattle,108,10108
Billings,11,Portland,89,1189
Billings,11,Seattle,108,11108
Boise,12,Anchorage,3,123
Boise,12,Austin,5,125
Boise,12,Bozeman,14,1214
Boise,12,Burbank,15,1215
Boise,12,Chicago,19,1219
Boise,12,Columbus,22,1222
Boise,12,Dallas,24,1224
Boise,12,Everett,32,1232
Boise,12,Fresno,36,1236
Boise,12,Honolulu,42,1242
Boise,12,Idaho Falls,44,1244
Boise,12,Kona,55,1255
Boise,12,Las Vegas,58,1258
Boise,12,Lihue,60,1260
Boise,12,Los Angeles,62,1262
Boise,12,Maui,63,1263
Boise,12,Medford,65,1265
Boise,12,Orlando,82,1282
Boise,12,Palm Springs,83,1283
Boise,12,Phoenix,87,1287
Boise,12,Pittsburgh,88,1288
Boise,12,Portland,89,1289
Boise,12,Pullman,92,1292
Boise,12,Reno,96,1296
Boise,12,Sacramento,97,1297
Boise,12,Salt Lake City,99,1299
Boise,12,San Diego,101,12101
Boise,12,San Francisco,102,12102
Boise,12,San Jose,103,12103
Boise,12,San Luis Obispo,104,12104
Boise,12,Santa Ana,105,12105
Boise,12,Seattle,108,12108
Boise,12,Spokane,110,12110
Boise,12,Vancouver,118,12118
Boston,13,Anchorage,3,133
Boston,13,Fairbanks,33,1333
Boston,13,Los Angeles,62,1362
Boston,13,Portland,89,1389
Boston,13,San Diego,101,13101
Boston,13,San Francisco,102,13102
Boston,13,San Luis Obispo,104,13104
Boston,13,Seattle,108,13108
Boston,13,Spokane,110,13110
Bozeman,14,Anchorage,3,143
Bozeman,14,Barrow,7,147
Bozeman,14,Bethel,10,1410
Bozeman,14,Boise,12,1412
Bozeman,14,Cordova,23,1423
Bozeman,14,Dillingham,27,1427
Bozeman,14,Fairbanks,33,1433
Bozeman,14,Houston,43,1443
Bozeman,14,Juneau,48,1448
Bozeman,14,Ketchikan,52,1452
Bozeman,14,King Salmon,53,1453
Bozeman,14,Kodiak,54,1454
Bozeman,14,Kotzebue,56,1456
Bozeman,14,Los Angeles,62,1462
Bozeman,14,Nome,77,1477
Bozeman,14,Petersburg,85,1485
Bozeman,14,Portland,89,1489
Bozeman,14,Redding,94,1494
Bozeman,14,San Diego,101,14101
Bozeman,14,San Francisco,102,14102
Bozeman,14,San Luis Obispo,104,14104
Bozeman,14,Santa Ana,105,14105
Bozeman,14,Seattle,108,14108
Bozeman,14,Sitka,109,14109
Bozeman,14,Wrangell,124,14124
Bozeman,14,Yakutat,126,14126
Burbank,15,Boise,12,1512
Burbank,15,Pasco,84,1584
Burbank,15,Portland,89,1589
Burbank,15,San Francisco,102,15102
Burbank,15,San Jose,103,15103
Burbank,15,Santa Rosa,107,15107
Burbank,15,Seattle,108,15108
Burbank,15,Spokane,110,15110
Cabo San Lucas,16,Las Vegas,58,1658
Cancun,17,Kansas City,50,1750
Cancun,17,San Francisco,102,17102
Charleston,18,Atlanta,4,184
Charleston,18,Portland,89,1889
Charleston,18,Seattle,108,18108
Chicago,19,Anchorage,3,193
Chicago,19,Boise,12,1912
Chicago,19,Fairbanks,33,1933
Chicago,19,Honolulu,42,1942
Chicago,19,Los Angeles,62,1962
Chicago,19,Maui,63,1963
Chicago,19,Portland,89,1989
Chicago,19,San Francisco,102,19102
Chicago,19,San Luis Obispo,104,19104
Chicago,19,Seattle,108,19108
Chicago,19,Spokane,110,19110
Chicago,19,Vancouver,118,19118
Cincinnati,20,Seattle,108,20108
Cleveland,21,Seattle,108,21108
Columbus,22,Anchorage,3,223
Columbus,22,Bellingham,9,229
Columbus,22,Boise,12,2212
Columbus,22,Fairbanks,33,2233
Columbus,22,Los Angeles,62,2262
Columbus,22,Medford,65,2265
Columbus,22,Portland,89,2289
Columbus,22,Redmond,95,2295
Columbus,22,San Francisco,102,22102
Columbus,22,Seattle,108,22108
Columbus,22,Spokane,110,22110
Cordova,23,Anchorage,3,233
Cordova,23,Bozeman,14,2314
Cordova,23,Ontario,81,2381
Cordova,23,Redding,94,2394
Cordova,23,Reno,96,2396
Cordova,23,Sacramento,97,2397
Cordova,23,Santa Rosa,107,23107
Cordova,23,Seattle,108,23108
Cordova,23,Yakutat,126,23126
Dallas,24,Anchorage,3,243
Dallas,24,Boise,12,2412
Dallas,24,Chicago,19,2419
Dallas,24,Denver,25,2425
Dallas,24,Fairbanks,33,2433
Dallas,24,Honolulu,42,2442
Dallas,24,Kalispell,49,2449
Dallas,24,Las Vegas,58,2458
Dallas,24,Los Angeles,62,2462
Dallas,24,Maui,63,2463
Dallas,24,New Orleans,74,2474
Dallas,24,Portland,89,2489
Dallas,24,Redding,94,2494
Dallas,24,San Diego,101,24101
Dallas,24,San Francisco,102,24102
Dallas,24,San Jose,103,24103
Dallas,24,San Luis Obispo,104,24104
Dallas,24,Seattle,108,24108
Dallas,24,Spokane,110,24110
Dallas,24,Vancouver,118,24118
Denver,25,Anchorage,3,253
Denver,25,Fairbanks,33,2533
Denver,25,Honolulu,42,2542
Denver,25,Juneau,48,2548
Denver,25,Ketchikan,52,2552
Denver,25,Maui,63,2563
Denver,25,Philadelphia,86,2586
Denver,25,Phoenix,87,2587
Denver,25,Portland,89,2589
Denver,25,Redding,94,2594
Denver,25,San Francisco,102,25102
Denver,25,Seattle,108,25108
Denver,25,Sitka,109,25109
Detroit,26,Anchorage,3,263
Detroit,26,Portland,89,2689
Detroit,26,Seattle,108,26108
Dillingham,27,Anchorage,3,273
Dillingham,27,Bozeman,14,2714
Dillingham,27,King Salmon,53,2753
Dillingham,27,Ontario,81,2781
Dillingham,27,Redding,94,2794
Dillingham,27,Reno,96,2796
Dillingham,27,Sacramento,97,2797
Dillingham,27,Santa Rosa,107,27107
Dillingham,27,Seattle,108,27108
Dutch Harbor,28,Anchorage,3,283
Edmonton,29,Seattle,108,29108
El Paso,30,Seattle,108,30108
Eugene,31,Anchorage,3,313
Eugene,31,Burbank,15,3115
Eugene,31,Honolulu,42,3142
Eugene,31,Kona,55,3155
Eugene,31,Lihue,60,3160
Eugene,31,Los Angeles,62,3162
Eugene,31,Maui,63,3163
Eugene,31,Ontario,81,3181
Eugene,31,Phoenix,87,3187
Eugene,31,Portland,89,3189
Eugene,31,Reno,96,3196
Eugene,31,San Diego,101,31101
Eugene,31,San Jose,103,31103
Eugene,31,San Luis Obispo,104,31104
Eugene,31,Santa Ana,105,31105
Eugene,31,Seattle,108,31108
Eugene,31,Spokane,110,31110
Everett,32,Anchorage,3,323
Everett,32,Boise,12,3212
Everett,32,Honolulu,42,3242
Everett,32,Las Vegas,58,3258
Everett,32,Los Angeles,62,3262
Everett,32,Palm Springs,83,3283
Everett,32,Phoenix,87,3287
Everett,32,Portland,89,3289
Everett,32,San Diego,101,32101
Everett,32,San Francisco,102,32102
Everett,32,San Jose,103,32103
Everett,32,Santa Ana,105,32105
Everett,32,Tucson,116,32116
Fairbanks,33,Anchorage,3,333
Fairbanks,33,Atlanta,4,334
Fairbanks,33,Baltimore,6,336
Fairbanks,33,Barrow,7,337
Fairbanks,33,Boston,13,3313
Fairbanks,33,Bozeman,14,3314
Fairbanks,33,Chicago,19,3319
Fairbanks,33,Columbus,22,3322
Fairbanks,33,Dallas,24,3324
Fairbanks,33,Denver,25,3325
Fairbanks,33,Honolulu,42,3342
Fairbanks,33,Houston,43,3343
Fairbanks,33,Juneau,48,3348
Fairbanks,33,Las Vegas,58,3358
Fairbanks,33,Los Angeles,62,3362
Fairbanks,33,Medford,65,3365
Fairbanks,33,Minneapolis,68,3368
Fairbanks,33,New Orleans,74,3374
Fairbanks,33,New York,75,3375
Fairbanks,33,Ontario,81,3381
Fairbanks,33,Phoenix,87,3387
Fairbanks,33,Pittsburgh,88,3388
Fairbanks,33,Portland,89,3389
Fairbanks,33,Prudhoe Bay,90,3390
Fairbanks,33,Redding,94,3394
Fairbanks,33,Reno,96,3396
Fairbanks,33,Sacramento,97,3397
Fairbanks,33,Salt Lake City,99,3399
Fairbanks,33,Santa Rosa,107,33107
Fairbanks,33,Seattle,108,33108
Fort Lauderdale,34,Anchorage,3,343
Fort Lauderdale,34,Los Angeles,62,3462
Fort Lauderdale,34,Portland,89,3489
Fort Lauderdale,34,San Diego,101,34101
Fort Lauderdale,34,San Francisco,102,34102
Fort Lauderdale,34,Seattle,108,34108
Fort Myers,35,Los Angeles,62,3562
Fort Myers,35,Seattle,108,35108
Fresno,36,Anchorage,3,363
Fresno,36,Boise,12,3612
Fresno,36,Guadalajara,38,3638
Fresno,36,Honolulu,42,3642
Fresno,36,Los Angeles,62,3662
Fresno,36,Portland,89,3689
Fresno,36,Puerto Vallarta,91,3691
Fresno,36,San Diego,101,36101
Fresno,36,Seattle,108,36108
Fresno,36,Spokane,110,36110
Great Falls,37,Seattle,108,37108
Guadalajara,38,Fresno,36,3836
Guatemala City,39,Los Angeles,62,3962
Gustavus,40,Juneau,48,4048
Helena,41,Seattle,108,41108
Honolulu,42,Anchorage,3,423
Honolulu,42,Baltimore,6,426
Honolulu,42,Bellingham,9,429
Honolulu,42,Boise,12,4212
Honolulu,42,Chicago,19,4219
Honolulu,42,Dallas,24,4224
Honolulu,42,Denver,25,4225
Honolulu,42,Eugene,31,4231
Honolulu,42,Everett,32,4232
Honolulu,42,Los Angeles,62,4262
Honolulu,42,Medford,65,4265
Honolulu,42,Minneapolis,68,4268
Honolulu,42,Oakland,78,4278
Honolulu,42,Pasco,84,4284
Honolulu,42,Pittsburgh,88,4288
Honolulu,42,Portland,89,4289
Honolulu,42,Pullman,92,4292
Honolulu,42,Redding,94,4294
Honolulu,42,Redmond,95,4295
Honolulu,42,Salt Lake City,99,4299
Honolulu,42,San Diego,101,42101
Honolulu,42,San Francisco,102,42102
Honolulu,42,San Jose,103,42103
Honolulu,42,San Luis Obispo,104,42104
Honolulu,42,Seattle,108,42108
Honolulu,42,Spokane,110,42110
Honolulu,42,Vancouver,118,42118
Honolulu,42,Wenatchee,122,42122
Honolulu,42,Yakima,125,42125
Houston,43,Anchorage,3,433
Houston,43,Belize City,8,438
Houston,43,Bozeman,14,4314
Houston,43,Chicago,19,4319
Houston,43,Fairbanks,33,4333
Houston,43,Los Angeles,62,4362
Houston,43,Oakland,78,4378
Houston,43,Ontario,81,4381
Houston,43,Portland,89,4389
Houston,43,San Francisco,102,43102
Houston,43,Santa Ana,105,43105
Houston,43,Seattle,108,43108
Houston,43,Spokane,110,43110
Houston,43,Victoria,119,43119
Idaho Falls,44,Boise,12,4412
Idaho Falls,44,Seattle,108,44108
Indianapolis,45,Anchorage,3,453
Indianapolis,45,Portland,89,4589
Indianapolis,45,Saint Louis,98,4598
Indianapolis,45,Seattle,108,45108
Ixtapa-Zihuatanejo,46,San Francisco,102,46102
Jackson,47,San Diego,101,47101
Jackson,47,San Francisco,102,47102
Jackson,47,San Jose,103,47103
Jackson,47,Seattle,108,47108
Juneau,48,Anchorage,3,483
Juneau,48,Bozeman,14,4814
Juneau,48,Denver,25,4825
Juneau,48,Fairbanks,33,4833
Juneau,48,Gustavus,40,4840
Juneau,48,Ketchikan,52,4852
Juneau,48,Ontario,81,4881
Juneau,48,Petersburg,85,4885
Juneau,48,Portland,89,4889
Juneau,48,Redding,94,4894
Juneau,48,Reno,96,4896
Juneau,48,Sacramento,97,4897
Juneau,48,Salt Lake City,99,4899
Juneau,48,Santa Rosa,107,48107
Juneau,48,Seattle,108,48108
Juneau,48,Sitka,109,48109
Juneau,48,Spokane,110,48110
Juneau,48,Yakutat,126,48126
Kalispell,49,Los Angeles,62,4962
Kalispell,49,Portland,89,4989
Kalispell,49,Raleigh,93,4993
Kalispell,49,San Diego,101,49101
Kalispell,49,Seattle,108,49108
Kansas City,50,Anchorage,3,503
Kansas City,50,Cancun,17,5017
Kansas City,50,Fairbanks,33,5033
Kansas City,50,Great Falls,37,5037
Kansas City,50,Honolulu,42,5042
Kansas City,50,Portland,89,5089
Kansas City,50,Puerto Vallarta,91,5091
Kansas City,50,Redding,94,5094
Kansas City,50,San Francisco,102,50102
Kansas City,50,Santa Rosa,107,50107
Kansas City,50,Seattle,108,50108
Kansas City,50,Tucson,116,50116
Kansas City,50,Vancouver,118,50118
Kelowna,51,Los Angeles,62,5162
Ketchikan,52,Anchorage,3,523
Ketchikan,52,Bozeman,14,5214
Ketchikan,52,Juneau,48,5248
Ketchikan,52,Ontario,81,5281
Ketchikan,52,Portland,89,5289
Ketchikan,52,Redding,94,5294
Ketchikan,52,Reno,96,5296
Ketchikan,52,Sacramento,97,5297
Ketchikan,52,Santa Rosa,107,52107
Ketchikan,52,Seattle,108,52108
Ketchikan,52,Sitka,109,52109
Ketchikan,52,Wrangell,124,52124
King Salmon,53,Anchorage,3,533
King Salmon,53,Bozeman,14,5314
King Salmon,53,Dillingham,27,5327
King Salmon,53,Ontario,81,5381
King Salmon,53,Redding,94,5394
King Salmon,53,Reno,96,5396
King Salmon,53,Sacramento,97,5397
King Salmon,53,Santa Rosa,107,53107
King Salmon,53,Seattle,108,53108
Kodiak,54,Anchorage,3,543
Kodiak,54,Bozeman,14,5414
Kodiak,54,Ontario,81,5481
Kodiak,54,Redding,94,5494
Kodiak,54,Reno,96,5496
Kodiak,54,Sacramento,97,5497
Kodiak,54,San Luis Obispo,104,54104
Kodiak,54,Santa Rosa,107,54107
Kodiak,54,Seattle,108,54108
Kona,55,Anchorage,3,553
Kona,55,Bellingham,9,559
Kona,55,Boise,12,5512
Kona,55,Eugene,31,5531
Kona,55,Los Angeles,62,5562
Kona,55,Medford,65,5565
Kona,55,Oakland,78,5578
Kona,55,Pasco,84,5584
Kona,55,Portland,89,5589
Kona,55,Pullman,92,5592
Kona,55,Redding,94,5594
Kona,55,Redmond,95,5595
Kona,55,Salt Lake City,99,5599
Kona,55,San Diego,101,55101
Kona,55,San Jose,103,55103
Kona,55,Seattle,108,55108
Kona,55,Spokane,110,55110
Kona,55,Wenatchee,122,55122
Kona,55,Yakima,125,55125
Kotzebue,56,Anchorage,3,563
Kotzebue,56,Bozeman,14,5614
Kotzebue,56,Nome,77,5677
Kotzebue,56,Ontario,81,5681
Kotzebue,56,Redding,94,5694
Kotzebue,56,Reno,96,5696
Kotzebue,56,Sacramento,97,5697
Kotzebue,56,Santa Rosa,107,56107
Kotzebue,56,Seattle,108,56108
La Paz,57,Los Angeles,62,5762
Las Vegas,58,Anchorage,3,583
Las Vegas,58,Boise,12,5812
Las Vegas,58,Cabo San Lucas,16,5816
Las Vegas,58,Dallas,24,5824
Las Vegas,58,Everett,32,5832
Las Vegas,58,Fairbanks,33,5833
Las Vegas,58,Los Angeles,62,5862
Las Vegas,58,New York,75,5875
Las Vegas,58,Pasco,84,5884
Las Vegas,58,Portland,89,5889
Las Vegas,58,Puerto Vallarta,91,5891
Las Vegas,58,Redding,94,5894
Las Vegas,58,Redmond,95,5895
Las Vegas,58,San Diego,101,58101
Las Vegas,58,San Francisco,102,58102
Las Vegas,58,San Jose,103,58103
Las Vegas,58,San Luis Obispo,104,58104
Las Vegas,58,Santa Rosa,107,58107
Las Vegas,58,Seattle,108,58108
Las Vegas,58,Spokane,110,58110
Liberia,59,San Francisco,102,59102
Liberia,59,Seattle,108,59108
Lihue,60,Bellingham,9,609
Lihue,60,Boise,12,6012
Lihue,60,Eugene,31,6031
Lihue,60,Los Angeles,62,6062
Lihue,60,Medford,65,6065
Lihue,60,Oakland,78,6078
Lihue,60,Orlando,82,6082
Lihue,60,Pasco,84,6084
Lihue,60,Pittsburgh,88,6088
Lihue,60,Portland,89,6089
Lihue,60,Pullman,92,6092
Lihue,60,Raleigh,93,6093
Lihue,60,Redding,94,6094
Lihue,60,Redmond,95,6095
Lihue,60,Sacramento,97,6097
Lihue,60,Salt Lake City,99,6099
Lihue,60,San Diego,101,60101
Lihue,60,San Francisco,102,60102
Lihue,60,San Jose,103,60103
Lihue,60,Santa Rosa,107,60107
Lihue,60,Seattle,108,60108
Lihue,60,Spokane,110,60110
Lihue,60,Wenatchee,122,60122
Lihue,60,Yakima,125,60125
Loreto,61,San Francisco,102,61102
Los Angeles,62,Anchorage,3,623
Los Angeles,62,Austin,5,625
Los Angeles,62,Baltimore,6,626
Los Angeles,62,Belize City,8,628
Los Angeles,62,Boise,12,6212
Los Angeles,62,Boston,13,6213
Los Angeles,62,Bozeman,14,6214
Los Angeles,62,Cabo San Lucas,16,6216
Los Angeles,62,Cancun,17,6217
Los Angeles,62,Chicago,19,6219
Los Angeles,62,Columbus,22,6222
Los Angeles,62,Dallas,24,6224
Los Angeles,62,Eugene,31,6231
Los Angeles,62,Everett,32,6232
Los Angeles,62,Fairbanks,33,6233
Los Angeles,62,Fort Lauderdale,34,6234
Los Angeles,62,Fort Myers,35,6235
Los Angeles,62,Fresno,36,6236
Los Angeles,62,Guadalajara,38,6238
Los Angeles,62,Guatemala City,39,6239
Los Angeles,62,Honolulu,42,6242
Los Angeles,62,Ixtapa-Zihuatanejo,46,6246
Los Angeles,62,Kalispell,49,6249
Los Angeles,62,Kelowna,51,6251
Los Angeles,62,Kona,55,6255
Los Angeles,62,La Paz,57,6257
Los Angeles,62,Las Vegas,58,6258
Los Angeles,62,Liberia,59,6259
Los Angeles,62,Lihue,60,6260
Los Angeles,62,Loreto,61,6261
Los Angeles,62,Manzanillo,127,62127
Los Angeles,62,Maui,63,6263
Los Angeles,62,Mazatlan,64,6264
Los Angeles,62,Medford,65,6265
Los Angeles,62,Missoula,69,6269
Los Angeles,62,Monterrey,71,6271
Los Angeles,62,Nassau,73,6273
Los Angeles,62,New York,75,6275
Los Angeles,62,Newark,76,6276
Los Angeles,62,Pasco,84,6284
Los Angeles,62,Philadelphia,86,6286
Los Angeles,62,Portland,89,6289
Los Angeles,62,Puerto Vallarta,91,6291
Los Angeles,62,Redmond,95,6295
Los Angeles,62,Reno,96,6296
Los Angeles,62,Salt Lake City,99,6299
Los Angeles,62,San Francisco,102,62102
Los Angeles,62,San Jose,103,62103
Los Angeles,62,San Jose,103,62103
Los Angeles,62,Santa Rosa,107,62107
Los Angeles,62,Seattle,108,62108
Los Angeles,62,Spokane,110,62110
Los Angeles,62,Tampa,113,62113
Los Angeles,62,Washington D.C.,121,62121
Maui,63,Anchorage,3,633
Maui,63,Bellingham,9,639
Maui,63,Boise,12,6312
Maui,63,Chicago,19,6319
Maui,63,Dallas,24,6324
Maui,63,Eugene,31,6331
Maui,63,Los Angeles,62,6362
Maui,63,Medford,65,6365
Maui,63,Oakland,78,6378
Maui,63,Pasco,84,6384
Maui,63,Portland,89,6389
Maui,63,Pullman,92,6392
Maui,63,Redding,94,6394
Maui,63,Redmond,95,6395
Maui,63,Sacramento,97,6397
Maui,63,Salt Lake City,99,6399
Maui,63,San Diego,101,63101
Maui,63,San Francisco,102,63102
Maui,63,San Jose,103,63103
Maui,63,Seattle,108,63108
Maui,63,Spokane,110,63110
Maui,63,Wenatchee,122,63122
Maui,63,Yakima,125,63125
Mazatlan,64,San Francisco,102,64102
Medford,65,Anchorage,3,653
Medford,65,Boise,12,6512
Medford,65,Columbus,22,6522
Medford,65,Fairbanks,33,6533
Medford,65,Honolulu,42,6542
Medford,65,Kona,55,6555
Medford,65,Lihue,60,6560
Medford,65,Los Angeles,62,6562
Medford,65,Maui,63,6563
Medford,65,Phoenix,87,6587
Medford,65,Portland,89,6589
Medford,65,Puerto Vallarta,91,6591
Medford,65,Redmond,95,6595
Medford,65,San Diego,101,65101
Medford,65,San Luis Obispo,104,65104
Medford,65,Santa Ana,105,65105
Medford,65,Seattle,108,65108
Miami,66,Portland,89,6689
Miami,66,Seattle,108,66108
Milwaukee,67,Portland,89,6789
Milwaukee,67,Seattle,108,67108
Minneapolis,68,Anchorage,3,683
Minneapolis,68,Boise,12,6812
Minneapolis,68,Fairbanks,33,6833
Minneapolis,68,Honolulu,42,6842
Minneapolis,68,Juneau,48,6848
Minneapolis,68,Portland,89,6889
Minneapolis,68,San Diego,101,68101
Minneapolis,68,Seattle,108,68108
Missoula,69,Los Angeles,62,6962
Missoula,69,Portland,89,6989
Missoula,69,San Diego,101,69101
Missoula,69,San Francisco,102,69102
Missoula,69,San Jose,103,69103
Missoula,69,Seattle,108,69108
Monterey,70,San Diego,101,70101
Monterey,70,Seattle,108,70108
Monterrey,71,Los Angeles,62,7162
Nashville,72,Anchorage,3,723
Nashville,72,Ontario,81,7281
Nashville,72,Portland,89,7289
Nashville,72,Redding,94,7294
Nashville,72,San Francisco,102,72102
Nashville,72,Seattle,108,72108
Nassau,73,Los Angeles,62,7362
Nassau,73,Seattle,108,73108
New Orleans,74,Anchorage,3,743
New Orleans,74,Dallas,24,7424
New Orleans,74,Portland,89,7489
New Orleans,74,Redding,94,7494
New Orleans,74,San Francisco,102,74102
New Orleans,74,Seattle,108,74108
New York,75,Anchorage,3,753
New York,75,Fairbanks,33,7533
New York,75,Las Vegas,58,7558
New York,75,Los Angeles,62,7562
New York,75,Oakland,78,7578
New York,75,Palm Springs,83,7583
New York,75,Portland,89,7589
New York,75,Puerto Vallarta,91,7591
New York,75,Redding,94,7594
New York,75,San Diego,101,75101
New York,75,San Francisco,102,75102
New York,75,San Jose,103,75103
New York,75,Seattle,108,75108
New York,75,Spokane,110,75110
New York,75,Vancouver,118,75118
Newark,76,Anchorage,3,763
Newark,76,Los Angeles,62,7662
Newark,76,Portland,89,7689
Newark,76,Redding,94,7694
Newark,76,San Diego,101,76101
Newark,76,San Francisco,102,76102
Newark,76,San Jose,103,76103
Newark,76,Seattle,108,76108
Newark,76,Spokane,110,76110
Nome,77,Anchorage,3,773
Nome,77,Bozeman,14,7714
Nome,77,Kotzebue,56,7756
Nome,77,Ontario,81,7781
Nome,77,Redding,94,7794
Nome,77,Reno,96,7796
Nome,77,Sacramento,97,7797
Nome,77,Santa Rosa,107,77107
Nome,77,Seattle,108,77108
Oakland,78,Anchorage,3,783
Oakland,78,Bellingham,9,789
Oakland,78,Cabo San Lucas,16,7816
Oakland,78,Chicago,19,7819
Oakland,78,Honolulu,42,7842
Oakland,78,Kona,55,7855
Oakland,78,Lihue,60,7860
Oakland,78,Maui,63,7863
Oakland,78,New York,75,7875
Oakland,78,Portland,89,7889
Oakland,78,Seattle,108,78108
Oakland,78,Spokane,110,78110
Oakland,78,Vancouver,118,78118
Oklahoma City,79,Anchorage,3,793
Oklahoma City,79,Seattle,108,79108
Omaha,80,Anchorage,3,803
Omaha,80,Portland,89,8089
Omaha,80,Seattle,108,80108
Ontario,81,Anchorage,3,813
Ontario,81,Bellingham,9,819
Ontario,81,Eugene,31,8131
Ontario,81,Honolulu,42,8142
Ontario,81,Kona,55,8155
Ontario,81,Lihue,60,8160
Ontario,81,Nashville,72,8172
Ontario,81,New York,75,8175
Ontario,81,Pasco,84,8184
Ontario,81,Portland,89,8189
Ontario,81,Redmond,95,8195
Ontario,81,Seattle,108,81108
Ontario,81,Spokane,110,81110
Ontario,81,Vancouver,118,81118
Orlando,82,Anchorage,3,823
Orlando,82,Boise,12,8212
Orlando,82,Lihue,60,8260
Orlando,82,Portland,89,8289
Orlando,82,Sacramento,97,8297
Orlando,82,San Diego,101,82101
Orlando,82,San Francisco,102,82102
Orlando,82,Seattle,108,82108
Orlando,82,Spokane,110,82110
Palm Springs,83,Anchorage,3,833
Palm Springs,83,Austin,5,835
Palm Springs,83,Boise,12,8312
Palm Springs,83,Everett,32,8332
Palm Springs,83,New York,75,8375
Palm Springs,83,Portland,89,8389
Palm Springs,83,Reno,96,8396
Palm Springs,83,San Francisco,102,83102
Palm Springs,83,San Jose,103,83103
Palm Springs,83,Seattle,108,83108
Palm Springs,83,Spokane,110,83110
Pasco,84,Anchorage,3,843
Pasco,84,Baltimore,6,846
Pasco,84,Burbank,15,8415
Pasco,84,Denver,25,8425
Pasco,84,Honolulu,42,8442
Pasco,84,Kona,55,8455
Pasco,84,Las Vegas,58,8458
Pasco,84,Lihue,60,8460
Pasco,84,Los Angeles,62,8462
Pasco,84,Maui,63,8463
Pasco,84,New York,75,8475
Pasco,84,Oklahoma City,79,8479
Pasco,84,Ontario,81,8481
Pasco,84,Phoenix,87,8487
Pasco,84,San Diego,101,84101
Pasco,84,San Francisco,102,84102
Pasco,84,Santa Ana,105,84105
Pasco,84,Seattle,108,84108
Petersburg,85,Bozeman,14,8514
Petersburg,85,Juneau,48,8548
Petersburg,85,Ontario,81,8581
Petersburg,85,Redding,94,8594
Petersburg,85,Reno,96,8596
Petersburg,85,Sacramento,97,8597
Petersburg,85,Santa Rosa,107,85107
Petersburg,85,Seattle,108,85108
Petersburg,85,Wrangell,124,85124
Philadelphia,86,Anchorage,3,863
Philadelphia,86,Denver,25,8625
Philadelphia,86,Juneau,48,8648
Philadelphia,86,Las Vegas,58,8658
Philadelphia,86,Los Angeles,62,8662
Philadelphia,86,Nashville,72,8672
Philadelphia,86,Oakland,78,8678
Philadelphia,86,Phoenix,87,8687
Philadelphia,86,Portland,89,8689
Philadelphia,86,San Francisco,102,86102
Philadelphia,86,San Jose,103,86103
Philadelphia,86,San Luis Obispo,104,86104
Philadelphia,86,Seattle,108,86108
Philadelphia,86,Vancouver,118,86118
Phoenix,87,Anchorage,3,873
Phoenix,87,Boise,12,8712
Phoenix,87,Denver,25,8725
Phoenix,87,Everett,32,8732
Phoenix,87,Fairbanks,33,8733
Phoenix,87,Pasco,84,8784
Phoenix,87,Portland,89,8789
Phoenix,87,San Francisco,102,87102
Phoenix,87,Seattle,108,87108
Phoenix,87,Spokane,110,87110
Pittsburgh,88,Anchorage,3,883
Pittsburgh,88,Baltimore,6,886
Pittsburgh,88,Bellingham,9,889
Pittsburgh,88,Boise,12,8812
Pittsburgh,88,Fairbanks,33,8833
Pittsburgh,88,Honolulu,42,8842
Pittsburgh,88,Lihue,60,8860
Pittsburgh,88,Portland,89,8889
Pittsburgh,88,Sacramento,97,8897
Pittsburgh,88,San Francisco,102,88102
Pittsburgh,88,Seattle,108,88108
Pittsburgh,88,Spokane,110,88110
Pittsburgh,88,Vancouver,118,88118
Portland,89,Albuquerque,2,892
Portland,89,Anchorage,3,893
Portland,89,Atlanta,4,894
Portland,89,Austin,5,895
Portland,89,Baltimore,6,896
Portland,89,Billings,11,8911
Portland,89,Boise,12,8912
Portland,89,Boston,13,8913
Portland,89,Bozeman,14,8914
Portland,89,Burbank,15,8915
Portland,89,Cabo San Lucas,16,8916
Portland,89,Cancun,17,8917
Portland,89,Charleston,18,8918
Portland,89,Chicago,19,8919
Portland,89,Columbus,22,8922
Portland,89,Dallas,24,8924
Portland,89,Denver,25,8925
Portland,89,Detroit,26,8926
Portland,89,Eugene,31,8931
Portland,89,Everett,32,8932
Portland,89,Fairbanks,33,8933
Portland,89,Fort Lauderdale,34,8934
Portland,89,Fresno,36,8936
Portland,89,Guadalajara,38,8938
Portland,89,Honolulu,42,8942
Portland,89,Houston,43,8943
Portland,89,Indianapolis,45,8945
Portland,89,Ixtapa-Zihuatanejo,46,8946
Portland,89,Juneau,48,8948
Portland,89,Kalispell,49,8949
Portland,89,Kansas City,50,8950
Portland,89,Ketchikan,52,8952
Portland,89,Kona,55,8955
Portland,89,Las Vegas,58,8958
Portland,89,Lihue,60,8960
Portland,89,Los Angeles,62,8962
Portland,89,Maui,63,8963
Portland,89,Mazatlan,64,8964
Portland,89,Medford,65,8965
Portland,89,Miami,66,8966
Portland,89,Milwaukee,67,8967
Portland,89,Minneapolis,68,8968
Portland,89,Missoula,69,8969
Portland,89,Nashville,72,8972
Portland,89,New Orleans,74,8974
Portland,89,New York,75,8975
Portland,89,Newark,76,8976
Portland,89,Oakland,78,8978
Portland,89,Omaha,80,8980
Portland,89,Ontario,81,8981
Portland,89,Orlando,82,8982
Portland,89,Palm Springs,83,8983
Portland,89,Philadelphia,86,8986
Portland,89,Phoenix,87,8987
Portland,89,Pittsburgh,88,8988
Portland,89,Puerto Vallarta,91,8991
Portland,89,Raleigh,93,8993
Portland,89,Redding,94,8994
Portland,89,Redmond,95,8995
Portland,89,Reno,96,8996
Portland,89,Sacramento,97,8997
Portland,89,Saint Louis,98,8998
Portland,89,Salt Lake City,99,8999
Portland,89,San Antonio,100,89100
Portland,89,San Diego,101,89101
Portland,89,San Francisco,102,89102
Portland,89,San Jose,103,89103
Portland,89,San Luis Obispo,104,89104
Portland,89,Santa Ana,105,89105
Portland,89,Santa Barbara,106,89106
Portland,89,Santa Rosa,107,89107
Portland,89,Seattle,108,89108
Portland,89,Spokane,110,89110
Portland,89,Tampa,113,89113
Portland,89,Tucson,116,89116
Portland,89,Vancouver,118,89118
Portland,89,Washington D.C.,121,89121
Prudhoe Bay,90,Anchorage,3,903
Prudhoe Bay,90,Barrow,7,907
Prudhoe Bay,90,Fairbanks,33,9033
Puerto Vallarta,91,Kansas City,50,9150
Puerto Vallarta,91,Las Vegas,58,9158
Puerto Vallarta,91,Medford,65,9165
Puerto Vallarta,91,New York,75,9175
Puerto Vallarta,91,Sacramento,97,9197
Puerto Vallarta,91,Saint Louis,98,9198
Pullman,92,Boise,12,9212
Pullman,92,Honolulu,42,9242
Pullman,92,Kona,55,9255
Pullman,92,Lihue,60,9260
Pullman,92,Maui,63,9263
Pullman,92,Seattle,108,92108
Raleigh,93,Anchorage,3,933
Raleigh,93,Fairbanks,33,9333
Raleigh,93,Kalispell,49,9349
Raleigh,93,Las Vegas,58,9358
Raleigh,93,Portland,89,9389
Raleigh,93,Salt Lake City,99,9399
Raleigh,93,San Francisco,102,93102
Raleigh,93,San Jose,103,93103
Raleigh,93,Seattle,108,93108
Redding,94,Anchorage,3,943
Redding,94,Austin,5,945
Redding,94,Barrow,7,947
Redding,94,Bethel,10,9410
Redding,94,Bozeman,14,9414
Redding,94,Cordova,23,9423
Redding,94,Dallas,24,9424
Redding,94,Denver,25,9425
Redding,94,Dillingham,27,9427
Redding,94,Fairbanks,33,9433
Redding,94,Honolulu,42,9442
Redding,94,Juneau,48,9448
Redding,94,Kansas City,50,9450
Redding,94,Ketchikan,52,9452
Redding,94,King Salmon,53,9453
Redding,94,Kodiak,54,9454
Redding,94,Kona,55,9455
Redding,94,Kotzebue,56,9456
Redding,94,Las Vegas,58,9458
Redding,94,Lihue,60,9460
Redding,94,Maui,63,9463
Redding,94,Nashville,72,9472
Redding,94,New Orleans,74,9474
Redding,94,New York,75,9475
Redding,94,Newark,76,9476
Redding,94,Nome,77,9477
Redding,94,Petersburg,85,9485
Redding,94,Portland,89,9489
Redding,94,San Diego,101,94101
Redding,94,Seattle,108,94108
Redding,94,Sitka,109,94109
Redding,94,Wrangell,124,94124
Redding,94,Yakutat,126,94126
Redmond,95,Columbus,22,9522
Redmond,95,Honolulu,42,9542
Redmond,95,Kona,55,9555
Redmond,95,Las Vegas,58,9558
Redmond,95,Lihue,60,9560
Redmond,95,Los Angeles,62,9562
Redmond,95,Maui,63,9563
Redmond,95,Portland,89,9589
Redmond,95,San Diego,101,95101
Redmond,95,San Francisco,102,95102
Redmond,95,San Jose,103,95103
Redmond,95,San Luis Obispo,104,95104
Redmond,95,Santa Ana,105,95105
Redmond,95,Seattle,108,95108
Reno,96,Anchorage,3,963
Reno,96,Barrow,7,967
Reno,96,Bellingham,9,969
Reno,96,Bethel,10,9610
Reno,96,Boise,12,9612
Reno,96,Bozeman,14,9614
Reno,96,Cordova,23,9623
Reno,96,Dillingham,27,9627
Reno,96,Eugene,31,9631
Reno,96,Fairbanks,33,9633
Reno,96,Honolulu,42,9642
Reno,96,Juneau,48,9648
Reno,96,Ketchikan,52,9652
Reno,96,King Salmon,53,9653
Reno,96,Kodiak,54,9654
Reno,96,Kotzebue,56,9656
Reno,96,Los Angeles,62,9662
Reno,96,Nome,77,9677
Reno,96,Palm Springs,83,9683
Reno,96,Petersburg,85,9685
Reno,96,Portland,89,9689
Reno,96,Redmond,95,9695
Reno,96,San Diego,101,96101
Reno,96,San Jose,103,96103
Reno,96,Seattle,108,96108
Reno,96,Sitka,109,96109
Reno,96,Spokane,110,96110
Reno,96,Vancouver,118,96118
Reno,96,Wrangell,124,96124
Reno,96,Yakutat,126,96126
Sacramento,97,Anchorage,3,973
Sacramento,97,Barrow,7,977
Sacramento,97,Bellingham,9,979
Sacramento,97,Bethel,10,9710
Sacramento,97,Boise,12,9712
Sacramento,97,Cabo San Lucas,16,9716
Sacramento,97,Cordova,23,9723
Sacramento,97,Dillingham,27,9727
Sacramento,97,Fairbanks,33,9733
Sacramento,97,Juneau,48,9748
Sacramento,97,Ketchikan,52,9752
Sacramento,97,King Salmon,53,9753
Sacramento,97,Kodiak,54,9754
Sacramento,97,Kona,55,9755
Sacramento,97,Kotzebue,56,9756
Sacramento,97,Maui,63,9763
Sacramento,97,Nome,77,9777
Sacramento,97,Orlando,82,9782
Sacramento,97,Petersburg,85,9785
Sacramento,97,Pittsburgh,88,9788
Sacramento,97,Portland,89,9789
Sacramento,97,Puerto Vallarta,91,9791
Sacramento,97,San Diego,101,97101
Sacramento,97,Seattle,108,97108
Sacramento,97,Sitka,109,97109
Sacramento,97,Spokane,110,97110
Sacramento,97,Tucson,116,97116
Sacramento,97,Wrangell,124,97124
Sacramento,97,Yakutat,126,97126
Saint Louis,98,Anchorage,3,983
Saint Louis,98,Bellingham,9,989
Saint Louis,98,Fairbanks,33,9833
Saint Louis,98,Indianapolis,45,9845
Saint Louis,98,Portland,89,9889
Saint Louis,98,Puerto Vallarta,91,9891
Saint Louis,98,Seattle,108,98108
Salt Lake City,99,Anchorage,3,993
Salt Lake City,99,Boise,12,9912
Salt Lake City,99,Fairbanks,33,9933
Salt Lake City,99,Honolulu,42,9942
Salt Lake City,99,Juneau,48,9948
Salt Lake City,99,Kona,55,9955
Salt Lake City,99,Lihue,60,9960
Salt Lake City,99,Los Angeles,62,9962
Salt Lake City,99,Maui,63,9963
Salt Lake City,99,Portland,89,9989
Salt Lake City,99,San Diego,101,99101
Salt Lake City,99,San Francisco,102,99102
Salt Lake City,99,Seattle,108,99108
Salt Lake City,99,Spokane,110,99110
San Antonio,100,Anchorage,3,1003
San Antonio,100,Portland,89,10089
San Antonio,100,Seattle,108,100108
San Diego,101,Anchorage,3,1013
San Diego,101,Atlanta,4,1014
San Diego,101,Austin,5,1015
San Diego,101,Boise,12,10112
San Diego,101,Boston,13,10113
San Diego,101,Bozeman,14,10114
San Diego,101,Cabo San Lucas,16,10116
San Diego,101,Cancun,17,10117
San Diego,101,Dallas,24,10124
San Diego,101,Eugene,31,10131
San Diego,101,Everett,32,10132
San Diego,101,Fort Lauderdale,34,10134
San Diego,101,Fresno,36,10136
San Diego,101,Honolulu,42,10142
San Diego,101,Jackson,47,10147
San Diego,101,Kalispell,49,10149
San Diego,101,Kona,55,10155
San Diego,101,Las Vegas,58,10158
San Diego,101,Lihue,60,10160
San Diego,101,Maui,63,10163
San Diego,101,Medford,65,10165
San Diego,101,Minneapolis,68,10168
San Diego,101,Missoula,69,10169
San Diego,101,Monterey,70,10170
San Diego,101,New York,75,10175
San Diego,101,Newark,76,10176
San Diego,101,Orlando,82,10182
San Diego,101,Portland,89,10189
San Diego,101,Puerto Vallarta,91,10191
San Diego,101,Redding,94,10194
San Diego,101,Redmond,95,10195
San Diego,101,Reno,96,10196
San Diego,101,Sacramento,97,10197
San Diego,101,Salt Lake City,99,10199
San Diego,101,San Francisco,102,101102
San Diego,101,San Jose,103,101103
San Diego,101,San Luis Obispo,104,101104
San Diego,101,Santa Barbara,106,101106
San Diego,101,Santa Rosa,107,101107
San Diego,101,Seattle,108,101108
San Diego,101,Spokane,110,101110
San Diego,101,Steamboat Springs,111,101111
San Diego,101,Tampa,113,101113
San Diego,101,Vail,117,101117
San Diego,101,Vancouver,118,101118
San Diego,101,Washington D.C.,121,101121
San Francisco,102,Albuquerque,2,1022
San Francisco,102,Anchorage,3,1023
San Francisco,102,Austin,5,1025
San Francisco,102,Baltimore,6,1026
San Francisco,102,Boise,12,10212
San Francisco,102,Boston,13,10213
San Francisco,102,Bozeman,14,10214
San Francisco,102,Burbank,15,10215
San Francisco,102,Cabo San Lucas,16,10216
San Francisco,102,Cancun,17,10217
San Francisco,102,Chicago,19,10219
San Francisco,102,Columbus,22,10222
San Francisco,102,Dallas,24,10224
San Francisco,102,Denver,25,10225
San Francisco,102,Everett,32,10232
San Francisco,102,Fort Lauderdale,34,10234
San Francisco,102,Honolulu,42,10242
San Francisco,102,Ixtapa-Zihuatanejo,46,10246
San Francisco,102,Jackson,47,10247
San Francisco,102,Kansas City,50,10250
San Francisco,102,Kona,55,10255
San Francisco,102,Las Vegas,58,10258
San Francisco,102,Liberia,59,10259
San Francisco,102,Lihue,60,10260
San Francisco,102,Loreto,61,10261
San Francisco,102,Los Angeles,62,10262
San Francisco,102,Maui,63,10263
San Francisco,102,Mazatlan,64,10264
San Francisco,102,Missoula,69,10269
San Francisco,102,Nashville,72,10272
San Francisco,102,New Orleans,74,10274
San Francisco,102,New York,75,10275
San Francisco,102,Newark,76,10276
San Francisco,102,Orlando,82,10282
San Francisco,102,Palm Springs,83,10283
San Francisco,102,Philadelphia,86,10286
San Francisco,102,Phoenix,87,10287
San Francisco,102,Pittsburgh,88,10288
San Francisco,102,Portland,89,10289
San Francisco,102,Puerto Vallarta,91,10291
San Francisco,102,Raleigh,93,10293
San Francisco,102,Redmond,95,10295
San Francisco,102,Salt Lake City,99,10299
San Francisco,102,San Diego,101,102101
San Francisco,102,San Luis Obispo,104,102104
San Francisco,102,Santa Ana,105,102105
San Francisco,102,Seattle,108,102108
San Francisco,102,Spokane,110,102110
San Francisco,102,Tampa,113,102113
San Francisco,102,Vancouver,118,102118
San Francisco,102,Victoria,119,102119
San Francisco,102,Washington D.C.,121,102121
San Jose,103,Anchorage,3,1033
San Jose,103,Austin,5,1035
San Jose,103,Boise,12,10312
San Jose,103,Burbank,15,10315
San Jose,103,Cabo San Lucas,16,10316
San Jose,103,Dallas,24,10324
San Jose,103,Eugene,31,10331
San Jose,103,Everett,32,10332
San Jose,103,Guadalajara,38,10338
San Jose,103,Honolulu,42,10342
San Jose,103,Jackson,47,10347
San Jose,103,Kona,55,10355
San Jose,103,Las Vegas,58,10358
San Jose,103,Lihue,60,10360
San Jose,103,Los Angeles,62,10362
San Jose,103,Maui,63,10363
San Jose,103,Missoula,69,10369
San Jose,103,New York,75,10375
San Jose,103,Newark,76,10376
San Jose,103,Palm Springs,83,10383
San Jose,103,Portland,89,10389
San Jose,103,Puerto Vallarta,91,10391
San Jose,103,Redmond,95,10395
San Jose,103,Reno,96,10396
San Jose,103,San Diego,101,103101
San Jose,103,Santa Ana,105,103105
San Jose,103,Seattle,108,103108
San Jose,103,Spokane,110,103110
San Jose,103,Tucson,116,103116
San Jose,103,Vancouver,118,103118
San Jose,103,Seattle,108,103108
San Luis Obispo,104,Anchorage,3,1043
San Luis Obispo,104,Boise,12,10412
San Luis Obispo,104,Boston,13,10413
San Luis Obispo,104,Bozeman,14,10414
San Luis Obispo,104,Chicago,19,10419
San Luis Obispo,104,Dallas,24,10424
San Luis Obispo,104,Eugene,31,10431
San Luis Obispo,104,Honolulu,42,10442
San Luis Obispo,104,Kodiak,54,10454
San Luis Obispo,104,Las Vegas,58,10458
San Luis Obispo,104,Medford,65,10465
San Luis Obispo,104,Philadelphia,86,10486
San Luis Obispo,104,Portland,89,10489
San Luis Obispo,104,Redmond,95,10495
San Luis Obispo,104,San Diego,101,104101
San Luis Obispo,104,San Francisco,102,104102
San Luis Obispo,104,Seattle,108,104108
San Luis Obispo,104,Spokane,110,104110
Santa Ana,105,Albuquerque,2,1052
Santa Ana,105,Anchorage,3,1053
Santa Ana,105,Bellingham,9,1059
Santa Ana,105,Boise,12,10512
Santa Ana,105,Bozeman,14,10514
Santa Ana,105,Cabo San Lucas,16,10516
Santa Ana,105,Eugene,31,10531
Santa Ana,105,Everett,32,10532
Santa Ana,105,Medford,65,10565
Santa Ana,105,Pasco,84,10584
Santa Ana,105,Portland,89,10589
Santa Ana,105,Puerto Vallarta,91,10591
Santa Ana,105,Redmond,95,10595
Santa Ana,105,San Francisco,102,105102
Santa Ana,105,San Jose,103,105103
Santa Ana,105,Santa Rosa,107,105107
Santa Ana,105,Seattle,108,105108
Santa Ana,105,Spokane,110,105110
Santa Ana,105,Tucson,116,105116
Santa Ana,105,Vancouver,118,105118
Santa Barbara,106,Portland,89,10689
Santa Barbara,106,San Diego,101,106101
Santa Barbara,106,Seattle,108,106108
Santa Rosa,107,Anchorage,3,1073
Santa Rosa,107,Barrow,7,1077
Santa Rosa,107,Bethel,10,10710
Santa Rosa,107,Burbank,15,10715
Santa Rosa,107,Cordova,23,10723
Santa Rosa,107,Dillingham,27,10727
Santa Rosa,107,Fairbanks,33,10733
Santa Rosa,107,Juneau,48,10748
Santa Rosa,107,Ketchikan,52,10752
Santa Rosa,107,King Salmon,53,10753
Santa Rosa,107,Kodiak,54,10754
Santa Rosa,107,Kotzebue,56,10756
Santa Rosa,107,Las Vegas,58,10758
Santa Rosa,107,Los Angeles,62,10762
Santa Rosa,107,Nome,77,10777
Santa Rosa,107,Petersburg,85,10785
Santa Rosa,107,Portland,89,10789
Santa Rosa,107,San Diego,101,107101
Santa Rosa,107,Santa Ana,105,107105
Santa Rosa,107,Seattle,108,107108
Santa Rosa,107,Sitka,109,107109
Santa Rosa,107,Wrangell,124,107124
Santa Rosa,107,Yakutat,126,107126
Seattle,108,Adak,1,1081
Seattle,108,Albuquerque,2,1082
Seattle,108,Anchorage,3,1083
Seattle,108,Atlanta,4,1084
Seattle,108,Austin,5,1085
Seattle,108,Baltimore,6,1086
Seattle,108,Belize City,8,1088
Seattle,108,Bellingham,9,1089
Seattle,108,Bethel,10,10810
Seattle,108,Billings,11,10811
Seattle,108,Boise,12,10812
Seattle,108,Boston,13,10813
Seattle,108,Bozeman,14,10814
Seattle,108,Burbank,15,10815
Seattle,108,Cabo San Lucas,16,10816
Seattle,108,Calgary,128,108128
Seattle,108,Cancun,17,10817
Seattle,108,Charleston,18,10818
Seattle,108,Chicago,19,10819
Seattle,108,Cincinnati,20,10820
Seattle,108,Cleveland,21,10821
Seattle,108,Columbus,22,10822
Seattle,108,Cordova,23,10823
Seattle,108,Dallas,24,10824
Seattle,108,Denver,25,10825
Seattle,108,Detroit,26,10826
Seattle,108,Dillingham,27,10827
Seattle,108,Edmonton,29,10829
Seattle,108,El Paso,30,10830
Seattle,108,Eugene,31,10831
Seattle,108,Fairbanks,33,10833
Seattle,108,Fort Lauderdale,34,10834
Seattle,108,Fort Myers,35,10835
Seattle,108,Fresno,36,10836
Seattle,108,Great Falls,37,10837
Seattle,108,Guadalajara,38,10838
Seattle,108,Helena,41,10841
Seattle,108,Honolulu,42,10842
Seattle,108,Houston,43,10843
Seattle,108,Idaho Falls,44,10844
Seattle,108,Indianapolis,45,10845
Seattle,108,Jackson,47,10847
Seattle,108,Juneau,48,10848
Seattle,108,Kalispell,49,10849
Seattle,108,Kansas City,50,10850
Seattle,108,Kelowna,51,10851
Seattle,108,Ketchikan,52,10852
Seattle,108,King Salmon,53,10853
Seattle,108,Kodiak,54,10854
Seattle,108,Kona,55,10855
Seattle,108,Kotzebue,56,10856
Seattle,108,Las Vegas,58,10858
Seattle,108,Liberia,59,10859
Seattle,108,Lihue,60,10860
Seattle,108,Los Angeles,62,10862
Seattle,108,Maui,63,10863
Seattle,108,Mazatlan,64,10864
Seattle,108,Medford,65,10865
Seattle,108,Miami,66,10866
Seattle,108,Milwaukee,67,10867
Seattle,108,Minneapolis,68,10868
Seattle,108,Missoula,69,10869
Seattle,108,Monterey,70,10870
Seattle,108,Monterrey,71,10871
Seattle,108,Nashville,72,10872
Seattle,108,Nassau,73,10873
Seattle,108,New Orleans,74,10874
Seattle,108,New York,75,10875
Seattle,108,Newark,76,10876
Seattle,108,Nome,77,10877
Seattle,108,Oakland,78,10878
Seattle,108,Oklahoma City,79,10879
Seattle,108,Omaha,80,10880
Seattle,108,Ontario,81,10881
Seattle,108,Orlando,82,10882
Seattle,108,Palm Springs,83,10883
Seattle,108,Paris,129,108129
Seattle,108,Pasco,84,10884
Seattle,108,Petersburg,85,10885
Seattle,108,Philadelphia,86,10886
Seattle,108,Phoenix,87,10887
Seattle,108,Pittsburgh,88,10888
Seattle,108,Portland,89,10889
Seattle,108,Puerto Vallarta,91,10891
Seattle,108,Pullman,92,10892
Seattle,108,Raleigh,93,10893
Seattle,108,Redding,94,10894
Seattle,108,Redmond,95,10895
Seattle,108,Reno,96,10896
Seattle,108,Sacramento,97,10897
Seattle,108,Saint Louis,98,10898
Seattle,108,Salt Lake City,99,10899
Seattle,108,San Antonio,100,108100
Seattle,108,San Diego,101,108101
Seattle,108,San Francisco,102,108102
Seattle,108,San Jose,103,108103
Seattle,108,San Jose,103,108103
Seattle,108,San Luis Obispo,104,108104
Seattle,108,Santa Ana,105,108105
Seattle,108,Santa Barbara,106,108106
Seattle,108,Santa Rosa,107,108107
Seattle,108,Sitka,109,108109
Seattle,108,Spokane,110,108110
Seattle,108,Steamboat Springs,111,108111
Seattle,108,Sun Valley,112,108112
Seattle,108,Tampa,113,108113
Seattle,108,Tokyo,114,108114
Seattle,108,Toronto,115,108115
Seattle,108,Tucson,116,108116
Seattle,108,Vail,117,108117
Seattle,108,Vancouver,118,108118
Seattle,108,Victoria,119,108119
Seattle,108,Walla Walla,120,108120
Seattle,108,Washington D.C.,121,108121
Seattle,108,Wenatchee,122,108122
Seattle,108,Wichita,123,108123
Seattle,108,Wrangell,124,108124
Seattle,108,Yakima,125,108125
Seattle,108,Yakutat,126,108126
Sitka,109,Anchorage,3,1093
Sitka,109,Bozeman,14,10914
Sitka,109,Denver,25,10925
Sitka,109,Juneau,48,10948
Sitka,109,Ketchikan,52,10952
Sitka,109,Ontario,81,10981
Sitka,109,Redding,94,10994
Sitka,109,Reno,96,10996
Sitka,109,Sacramento,97,10997
Sitka,109,Santa Rosa,107,109107
Sitka,109,Seattle,108,109108
Spokane,110,Anchorage,3,1103
Spokane,110,Boise,12,11012
Spokane,110,Boston,13,11013
Spokane,110,Burbank,15,11015
Spokane,110,Cabo San Lucas,16,11016
Spokane,110,Chicago,19,11019
Spokane,110,Columbus,22,11022
Spokane,110,Dallas,24,11024
Spokane,110,Honolulu,42,11042
Spokane,110,Juneau,48,11048
Spokane,110,Kona,55,11055
Spokane,110,Las Vegas,58,11058
Spokane,110,Lihue,60,11060
Spokane,110,Los Angeles,62,11062
Spokane,110,Maui,63,11063
Spokane,110,New York,75,11075
Spokane,110,Newark,76,11076
Spokane,110,Oakland,78,11078
Spokane,110,Ontario,81,11081
Spokane,110,Orlando,82,11082
Spokane,110,Palm Springs,83,11083
Spokane,110,Phoenix,87,11087
Spokane,110,Pittsburgh,88,11088
Spokane,110,Portland,89,11089
Spokane,110,Sacramento,97,11097
Spokane,110,Salt Lake City,99,11099
Spokane,110,San Diego,101,110101
Spokane,110,San Francisco,102,110102
Spokane,110,San Jose,103,110103
Spokane,110,San Luis Obispo,104,110104
Spokane,110,Santa Ana,105,110105
Spokane,110,Seattle,108,110108
Spokane,110,Washington D.C.,121,110121
Steamboat Springs,111,San Diego,101,111101
Steamboat Springs,111,Seattle,108,111108
Sun Valley,112,Seattle,108,112108
Tampa,113,Anchorage,3,1133
Tampa,113,Los Angeles,62,11362
Tampa,113,Portland,89,11389
Tampa,113,San Diego,101,113101
Tampa,113,San Francisco,102,113102
Tampa,113,Seattle,108,113108
Tokyo,114,Seattle,108,114108
Toronto,115,Seattle,108,115108
Tucson,116,Everett,32,11632
Tucson,116,Portland,89,11689
Tucson,116,Sacramento,97,11697
Tucson,116,San Jose,103,116103
Tucson,116,Santa Ana,105,116105
Tucson,116,Seattle,108,116108
Vail,117,San Diego,101,117101
Vail,117,Seattle,108,117108
Vancouver,118,Dallas,24,11824
Vancouver,118,Los Angeles,62,11862
Vancouver,118,New York,75,11875
Vancouver,118,Ontario,81,11881
Vancouver,118,Philadelphia,86,11886
Vancouver,118,Phoenix,87,11887
Vancouver,118,San Diego,101,118101
Vancouver,118,San Francisco,102,118102
Vancouver,118,Santa Ana,105,118105
Victoria,119,Houston,43,11943
Walla Walla,120,Seattle,108,120108
Washington D.C.,121,Anchorage,3,1213
Washington D.C.,121,Los Angeles,62,12162
Washington D.C.,121,Portland,89,12189
Washington D.C.,121,San Diego,101,121101
Washington D.C.,121,San Francisco,102,121102
Washington D.C.,121,Seattle,108,121108
Washington D.C.,121,Spokane,110,121110
Wenatchee,122,Honolulu,42,12242
Wenatchee,122,Kona,55,12255
Wenatchee,122,Lihue,60,12260
Wenatchee,122,Maui,63,12263
Wenatchee,122,Seattle,108,122108
Wichita,123,Seattle,108,123108
Wrangell,124,Bozeman,14,12414
Wrangell,124,Ketchikan,52,12452
Wrangell,124,Ontario,81,12481
Wrangell,124,Petersburg,85,12485
Wrangell,124,Redding,94,12494
Wrangell,124,Reno,96,12496
Wrangell,124,Sacramento,97,12497
Wrangell,124,Santa Rosa,107,124107
Wrangell,124,Seattle,108,124108
Yakima,125,Honolulu,42,12542
Yakima,125,Kona,55,12555
Yakima,125,Lihue,60,12560
Yakima,125,Maui,63,12563
Yakima,125,Seattle,108,125108
Yakutat,126,Bozeman,14,12614
Yakutat,126,Cordova,23,12623
Yakutat,126,Juneau,48,12648
Yakutat,126,Ontario,81,12681
Yakutat,126,Redding,94,12694
Yakutat,126,Reno,96,12696
Yakutat,126,Sacramento,97,12697
Yakutat,126,Santa Rosa,107,126107
Yakutat,126,Seattle,108,126108
